Version Name,Period, Year ,Month,Segment,Policy Duration, GWP , WCR Numerator , WCR Denominator 
Actual,201601,2016,1,Aggregators,New Business,3157617,0.753,1
Actual,201602,2016,2,Aggregators,New Business,3189193,0.746,1
Actual,201603,2016,3,Aggregators,New Business,3221085,0.743,1
Actual,201604,2016,4,Aggregators,New Business,3253295,0.744,1
Actual,201605,2016,5,Aggregators,New Business,3285828,0.751,1
Actual,201606,2016,6,Aggregators,New Business,3318687,0.751,1
Actual,201607,2016,7,Aggregators,New Business,3351874,0.755,1
Actual,201608,2016,8,Aggregators,New Business,3385392,0.751,1
Actual,201609,2016,9,Aggregators,New Business,3419246,0.756,1
Actual,201610,2016,10,Aggregators,New Business,3453439,0.754,1
Actual,201611,2016,11,Aggregators,New Business,3487973,0.758,1
Actual,201612,2016,12,Aggregators,New Business,3522853,0.762,1
Actual,201701,2017,1,Aggregators,New Business,3558081,0.766,1
Actual,201702,2017,2,Aggregators,New Business,3593662,0.764,1
Actual,201703,2017,3,Aggregators,New Business,3629599,0.768,1
Actual,201704,2017,4,Aggregators,New Business,3665895,0.774,1
Actual,201705,2017,5,Aggregators,New Business,3702554,0.769,1
Actual,201706,2017,6,Aggregators,New Business,3739579,0.775,1
Actual,201707,2017,7,Aggregators,New Business,3776975,0.772,1
Actual,201708,2017,8,Aggregators,New Business,3814745,0.778,1
Actual,201709,2017,9,Aggregators,New Business,3852892,0.773,1
Actual,201710,2017,10,Aggregators,New Business,3891421,0.769,1
Actual,201711,2017,11,Aggregators,New Business,3930335,0.765,1
Actual,201712,2017,12,Aggregators,New Business,3969639,0.758,1
Actual,201801,2018,1,Aggregators,New Business,4009335,0.756,1
Actual,201802,2018,2,Aggregators,New Business,4049428,0.759,1
Actual,201803,2018,3,Aggregators,New Business,4089923,0.756,1
Actual,201804,2018,4,Aggregators,New Business,4130822,0.749,1
Actual,201805,2018,5,Aggregators,New Business,4172130,0.754,1
Actual,201806,2018,6,Aggregators,New Business,4213852,0.752,1
Actual,201807,2018,7,Aggregators,New Business,4255990,0.750,1
Actual,201808,2018,8,Aggregators,New Business,4298550,0.756,1
Actual,201809,2018,9,Aggregators,New Business,4341535,0.320,1
Actual,201810,2018,10,Aggregators,New Business,4384951,0.320,1
Actual,201811,2018,11,Aggregators,New Business,4428800,0.321,1
Actual,201812,2018,12,Aggregators,New Business,4473088,0.322,1
Actual,201601,2016,1,Aggregators,Renewal,2449533,0.319,1
Actual,201602,2016,2,Aggregators,Renewal,2474028,0.318,1
Actual,201603,2016,3,Aggregators,Renewal,2498769,0.315,1
Actual,201604,2016,4,Aggregators,Renewal,2523756,0.315,1
Actual,201605,2016,5,Aggregators,Renewal,2548994,0.313,1
Actual,201606,2016,6,Aggregators,Renewal,2574484,0.315,1
Actual,201607,2016,7,Aggregators,Renewal,2600229,0.318,1
Actual,201608,2016,8,Aggregators,Renewal,2626231,0.320,1
Actual,201609,2016,9,Aggregators,Renewal,2652493,0.318,1
Actual,201610,2016,10,Aggregators,Renewal,2679018,0.317,1
Actual,201611,2016,11,Aggregators,Renewal,2705808,0.318,1
Actual,201612,2016,12,Aggregators,Renewal,2732867,0.318,1
Actual,201701,2017,1,Aggregators,Renewal,2760195,0.315,1
Actual,201702,2017,2,Aggregators,Renewal,2787797,0.318,1
Actual,201703,2017,3,Aggregators,Renewal,2815675,0.318,1
Actual,201704,2017,4,Aggregators,Renewal,2843832,0.318,1
Actual,201705,2017,5,Aggregators,Renewal,2872270,0.318,1
Actual,201706,2017,6,Aggregators,Renewal,2900993,0.320,1
Actual,201707,2017,7,Aggregators,Renewal,2930003,0.322,1
Actual,201708,2017,8,Aggregators,Renewal,2959303,0.323,1
Actual,201709,2017,9,Aggregators,Renewal,2988896,0.324,1
Actual,201710,2017,10,Aggregators,Renewal,3018785,0.324,1
Actual,201711,2017,11,Aggregators,Renewal,3048973,0.325,1
Actual,201712,2017,12,Aggregators,Renewal,3079462,0.325,1
Actual,201801,2018,1,Aggregators,Renewal,3110257,0.326,1
Actual,201802,2018,2,Aggregators,Renewal,3141360,0.327,1
Actual,201803,2018,3,Aggregators,Renewal,3172773,0.325,1
Actual,201804,2018,4,Aggregators,Renewal,3204501,0.323,1
Actual,201805,2018,5,Aggregators,Renewal,3236546,0.321,1
Actual,201806,2018,6,Aggregators,Renewal,3268911,0.324,1
Actual,201807,2018,7,Aggregators,Renewal,3301600,0.321,1
Actual,201808,2018,8,Aggregators,Renewal,3334616,0.322,1
Actual,201809,2018,9,Aggregators,Renewal,3367963,0.528,1
Actual,201810,2018,10,Aggregators,Renewal,3401642,0.524,1
Actual,201811,2018,11,Aggregators,Renewal,3435659,0.526,1
Actual,201812,2018,12,Aggregators,Renewal,3470015,0.522,1
Plan,201806,2018,6,Aggregators,New Business,1899539,0.521,1
Plan,201807,2018,7,Aggregators,New Business,1937530,0.522,1
Plan,201808,2018,8,Aggregators,New Business,1976281,0.518,1
Plan,201809,2018,9,Aggregators,New Business,2015806,0.523,1
Plan,201810,2018,10,Aggregators,New Business,2056122,0.526,1
Plan,201811,2018,11,Aggregators,New Business,2097245,0.523,1
Plan,201812,2018,12,Aggregators,New Business,2139190,0.525,1
Plan,201901,2019,1,Aggregators,New Business,2181974,0.524,1
Plan,201902,2019,2,Aggregators,New Business,2225613,0.529,1
Plan,201903,2019,3,Aggregators,New Business,2270125,0.527,1
Plan,201904,2019,4,Aggregators,New Business,2315528,0.525,1
Plan,201905,2019,5,Aggregators,New Business,2361838,0.520,1
Plan,201906,2019,6,Aggregators,New Business,2409075,0.518,1
Plan,201907,2019,7,Aggregators,New Business,2457257,0.518,1
Plan,201908,2019,8,Aggregators,New Business,2506402,0.521,1
Plan,201909,2019,9,Aggregators,New Business,2556530,0.517,1
Plan,201910,2019,10,Aggregators,New Business,2607660,0.514,1
Plan,201911,2019,11,Aggregators,New Business,2659814,0.516,1
Plan,201912,2019,12,Aggregators,New Business,2713010,0.511,1
Plan,201806,2018,6,Aggregators,Renewal,2767270,0.512,1
Plan,201807,2018,7,Aggregators,Renewal,2822615,0.508,1
Plan,201808,2018,8,Aggregators,Renewal,2879068,0.504,1
Plan,201809,2018,9,Aggregators,Renewal,2936649,0.508,1
Plan,201810,2018,10,Aggregators,Renewal,2995382,0.505,1
Plan,201811,2018,11,Aggregators,Renewal,3055290,0.504,1
Plan,201812,2018,12,Aggregators,Renewal,3116395,0.507,1
Plan,201901,2019,1,Aggregators,Renewal,3178723,0.504,1
Plan,201902,2019,2,Aggregators,Renewal,3242298,0.500,1
Plan,201903,2019,3,Aggregators,Renewal,3307144,0.503,1
Plan,201904,2019,4,Aggregators,Renewal,3373287,0.504,1
Plan,201905,2019,5,Aggregators,Renewal,3440752,0.505,1
Plan,201906,2019,6,Aggregators,Renewal,3509567,0.507,1
Plan,201907,2019,7,Aggregators,Renewal,3579759,0.765,1
Plan,201908,2019,8,Aggregators,Renewal,3651354,0.765,1
Plan,201909,2019,9,Aggregators,Renewal,3724381,0.763,1
Plan,201910,2019,10,Aggregators,Renewal,3798869,0.769,1
Plan,201911,2019,11,Aggregators,Renewal,9583697,0.763,1
Plan,201912,2019,12,Aggregators,Renewal,9775371,0.761,1
Plan V2,201809,2018,9,Aggregators,New Business,9970879,0.756,1
Plan V2,201810,2018,10,Aggregators,New Business,10170296,0.749,1
Plan V2,201811,2018,11,Aggregators,New Business,10373702,0.746,1
Plan V2,201812,2018,12,Aggregators,New Business,10581176,0.752,1
Plan V2,201901,2019,1,Aggregators,New Business,10792800,0.753,1
Plan V2,201902,2019,2,Aggregators,New Business,11008656,0.751,1
Plan V2,201903,2019,3,Aggregators,New Business,11228829,0.748,1
Plan V2,201904,2019,4,Aggregators,New Business,11453405,0.742,1
Plan V2,201905,2019,5,Aggregators,New Business,11682473,0.746,1
Plan V2,201906,2019,6,Aggregators,New Business,11916123,0.747,1
Plan V2,201907,2019,7,Aggregators,New Business,12154445,0.752,1
Plan V2,201908,2019,8,Aggregators,New Business,12397534,0.748,1
Plan V2,201909,2019,9,Aggregators,New Business,12645485,0.755,1
Plan V2,201910,2019,10,Aggregators,New Business,12898395,0.748,1
Plan V2,201911,2019,11,Aggregators,New Business,13156363,0.743,1
Plan V2,201912,2019,12,Aggregators,New Business,13419490,0.740,1
Plan V2,201809,2018,9,Aggregators,Renewal,13687880,0.743,1
Plan V2,201810,2018,10,Aggregators,Renewal,13961637,0.742,1
Plan V2,201811,2018,11,Aggregators,Renewal,14240870,0.749,1
Plan V2,201812,2018,12,Aggregators,Renewal,14525687,0.750,1
Plan V2,201901,2019,1,Aggregators,Renewal,14816201,0.747,1
Plan V2,201902,2019,2,Aggregators,Renewal,15112525,0.742,1
Plan V2,201903,2019,3,Aggregators,Renewal,15414776,0.745,1
Plan V2,201904,2019,4,Aggregators,Renewal,15723071,0.744,1
Plan V2,201905,2019,5,Aggregators,Renewal,16037533,0.751,1
Plan V2,201906,2019,6,Aggregators,Renewal,16358283,0.759,1
Plan V2,201907,2019,7,Aggregators,Renewal,16685449,0.752,1
Plan V2,201908,2019,8,Aggregators,Renewal,17019158,0.752,1
Plan V2,201909,2019,9,Aggregators,Renewal,17359541,0.745,1
Plan V2,201910,2019,10,Aggregators,Renewal,17706732,0.741,1
Plan V2,201911,2019,11,Aggregators,Renewal,18060866,0.323,1
Plan V2,201912,2019,12,Aggregators,Renewal,18422084,0.323,1
Actual,201601,2016,1,Barclays,New Business,18790525,0.321,1
Actual,201602,2016,2,Barclays,New Business,19166336,0.324,1
Actual,201603,2016,3,Barclays,New Business,7237413,0.321,1
Actual,201604,2016,4,Barclays,New Business,7165039,0.319,1
Actual,201605,2016,5,Barclays,New Business,7093388,0.319,1
Actual,201606,2016,6,Barclays,New Business,7022455,0.317,1
Actual,201607,2016,7,Barclays,New Business,6952230,0.319,1
Actual,201608,2016,8,Barclays,New Business,6882708,0.319,1
Actual,201609,2016,9,Barclays,New Business,6813881,0.316,1
Actual,201610,2016,10,Barclays,New Business,6745742,0.316,1
Actual,201611,2016,11,Barclays,New Business,6678284,0.318,1
Actual,201612,2016,12,Barclays,New Business,6611502,0.315,1
Actual,201701,2017,1,Barclays,New Business,6545387,0.313,1
Actual,201702,2017,2,Barclays,New Business,6479933,0.310,1
Actual,201703,2017,3,Barclays,New Business,6415133,0.312,1
Actual,201704,2017,4,Barclays,New Business,6350982,0.309,1
Actual,201705,2017,5,Barclays,New Business,6287472,0.307,1
Actual,201706,2017,6,Barclays,New Business,6224598,0.305,1
Actual,201707,2017,7,Barclays,New Business,6162352,0.306,1
Actual,201708,2017,8,Barclays,New Business,6100728,0.306,1
Actual,201709,2017,9,Barclays,New Business,6039721,0.305,1
Actual,201710,2017,10,Barclays,New Business,5979324,0.308,1
Actual,201711,2017,11,Barclays,New Business,5919530,0.305,1
Actual,201712,2017,12,Barclays,New Business,5860335,0.306,1
Actual,201801,2018,1,Barclays,New Business,5801732,0.308,1
Actual,201802,2018,2,Barclays,New Business,5743714,0.310,1
Actual,201803,2018,3,Barclays,New Business,5686277,0.312,1
Actual,201804,2018,4,Barclays,New Business,5629414,0.314,1
Actual,201805,2018,5,Barclays,New Business,5573120,0.316,1
Actual,201806,2018,6,Barclays,New Business,5517389,0.314,1
Actual,201807,2018,7,Barclays,New Business,5462215,0.312,1
Actual,201808,2018,8,Barclays,New Business,5407593,0.314,1
Actual,201809,2018,9,Barclays,New Business,5353517,0.312,1
Actual,201810,2018,10,Barclays,New Business,5299982,0.313,1
Actual,201811,2018,11,Barclays,New Business,5246982,0.621,1
Actual,201812,2018,12,Barclays,New Business,5194512,0.626,1
Actual,201601,2016,1,Barclays,Renewal,5142567,0.628,1
Actual,201602,2016,2,Barclays,Renewal,5091141,0.625,1
Actual,201603,2016,3,Barclays,Renewal,639940,0.624,1
Actual,201604,2016,4,Barclays,Renewal,633540,0.622,1
Actual,201605,2016,5,Barclays,Renewal,627205,0.626,1
Actual,201606,2016,6,Barclays,Renewal,620933,0.627,1
Actual,201607,2016,7,Barclays,Renewal,614723,0.625,1
Actual,201608,2016,8,Barclays,Renewal,608576,0.623,1
Actual,201609,2016,9,Barclays,Renewal,602490,0.618,1
Actual,201610,2016,10,Barclays,Renewal,596465,0.619,1
Actual,201611,2016,11,Barclays,Renewal,590501,0.619,1
Actual,201612,2016,12,Barclays,Renewal,584596,0.618,1
Actual,201701,2017,1,Barclays,Renewal,578750,0.623,1
Actual,201702,2017,2,Barclays,Renewal,572962,0.617,1
Actual,201703,2017,3,Barclays,Renewal,567233,0.620,1
Actual,201704,2017,4,Barclays,Renewal,561560,0.619,1
Actual,201705,2017,5,Barclays,Renewal,555945,0.614,1
Actual,201706,2017,6,Barclays,Renewal,550385,0.611,1
Actual,201707,2017,7,Barclays,Renewal,544882,0.613,1
Actual,201708,2017,8,Barclays,Renewal,539433,0.618,1
Actual,201709,2017,9,Barclays,Renewal,534038,0.618,1
Actual,201710,2017,10,Barclays,Renewal,528698,0.617,1
Actual,201711,2017,11,Barclays,Renewal,523411,0.612,1
Actual,201712,2017,12,Barclays,Renewal,518177,0.614,1
Actual,201801,2018,1,Barclays,Renewal,512995,0.612,1
Actual,201802,2018,2,Barclays,Renewal,507865,0.616,1
Actual,201803,2018,3,Barclays,Renewal,502787,0.616,1
Actual,201804,2018,4,Barclays,Renewal,497759,0.614,1
Actual,201805,2018,5,Barclays,Renewal,492781,0.612,1
Actual,201806,2018,6,Barclays,Renewal,487853,0.611,1
Actual,201807,2018,7,Barclays,Renewal,482975,0.612,1
Actual,201808,2018,8,Barclays,Renewal,478145,0.607,1
Actual,201809,2018,9,Barclays,Renewal,473364,0.601,1
Actual,201810,2018,10,Barclays,Renewal,468630,0.598,1
Actual,201811,2018,11,Barclays,Renewal,463944,0.753,1
Actual,201812,2018,12,Barclays,Renewal,459304,0.759,1
Plan,201806,2018,6,Barclays,New Business,454711,0.757,1
Plan,201807,2018,7,Barclays,New Business,450164,0.751,1
Plan,201808,2018,8,Barclays,New Business,6345820,0.745,1
Plan,201809,2018,9,Barclays,New Business,6398873,0.750,1
Plan,201810,2018,10,Barclays,New Business,6405931,0.746,1
Plan,201811,2018,11,Barclays,New Business,6442818,0.744,1
Plan,201812,2018,12,Barclays,New Business,6501611,0.741,1
Plan,201901,2019,1,Barclays,New Business,6538002,0.737,1
Plan,201902,2019,2,Barclays,New Business,6599635,0.743,1
Plan,201903,2019,3,Barclays,New Business,6617896,0.743,1
Plan,201904,2019,4,Barclays,New Business,6660044,0.749,1
Plan,201905,2019,5,Barclays,New Business,6702925,0.745,1
Plan,201906,2019,6,Barclays,New Business,6730078,0.738,1
Plan,201907,2019,7,Barclays,New Business,6768930,0.735,1
Plan,201908,2019,8,Barclays,New Business,6823904,0.731,1
Plan,201909,2019,9,Barclays,New Business,6858393,0.726,1
Plan,201910,2019,10,Barclays,New Business,6878648,0.732,1
Plan,201911,2019,11,Barclays,New Business,6909855,0.732,1
Plan,201912,2019,12,Barclays,New Business,6975094,0.731,1
Plan,201806,2018,6,Barclays,Renewal,7032196,0.735,1
Plan,201807,2018,7,Barclays,Renewal,7043645,0.734,1
Plan,201808,2018,8,Barclays,Renewal,7055061,0.732,1
Plan,201809,2018,9,Barclays,Renewal,7084631,0.733,1
Plan,201810,2018,10,Barclays,Renewal,7131515,0.738,1
Plan,201811,2018,11,Barclays,Renewal,7195211,0.745,1
Plan,201812,2018,12,Barclays,Renewal,7241673,0.743,1
Plan,201901,2019,1,Barclays,Renewal,7281502,0.744,1
Plan,201902,2019,2,Barclays,Renewal,7337377,0.751,1
Plan,201903,2019,3,Barclays,Renewal,7379805,0.757,1
Plan,201904,2019,4,Barclays,Renewal,7409442,0.754,1
Plan,201905,2019,5,Barclays,Renewal,7443695,0.757,1
Plan,201906,2019,6,Barclays,Renewal,7512419,0.750,1
Plan,201907,2019,7,Barclays,Renewal,7587266,0.754,1
Plan,201908,2019,8,Barclays,Renewal,7610737,0.748,1
Plan,201909,2019,9,Barclays,Renewal,7637745,0.674,1
Plan,201910,2019,10,Barclays,Renewal,7657657,0.670,1
Plan,201911,2019,11,Barclays,Renewal,7666173,0.676,1
Plan,201912,2019,12,Barclays,Renewal,7734244,0.674,1
Plan V2,201809,2018,9,Barclays,New Business,7786013,0.680,1
Plan V2,201810,2018,10,Barclays,New Business,7786559,0.677,1
Plan V2,201811,2018,11,Barclays,New Business,7846747,0.675,1
Plan V2,201812,2018,12,Barclays,New Business,7887088,0.677,1
Plan V2,201901,2019,1,Barclays,New Business,7941518,0.672,1
Plan V2,201902,2019,2,Barclays,New Business,7974319,0.667,1
Plan V2,201903,2019,3,Barclays,New Business,7999481,0.666,1
Plan V2,201904,2019,4,Barclays,New Business,8019734,0.660,1
Plan V2,201905,2019,5,Barclays,New Business,8066691,0.665,1
Plan V2,201906,2019,6,Barclays,New Business,8130205,0.667,1
Plan V2,201907,2019,7,Barclays,New Business,8184743,0.662,1
Plan V2,201908,2019,8,Barclays,New Business,8242774,0.656,1
Plan V2,201909,2019,9,Barclays,New Business,8255491,0.661,1
Plan V2,201910,2019,10,Barclays,New Business,8279953,0.656,1
Plan V2,201911,2019,11,Barclays,New Business,8290962,0.660,1
Plan V2,201912,2019,12,Barclays,New Business,8315923,0.662,1
Plan V2,201809,2018,9,Barclays,Renewal,8390463,0.658,1
Plan V2,201810,2018,10,Barclays,Renewal,8431906,0.660,1
Plan V2,201811,2018,11,Barclays,Renewal,8508211,0.654,1
Plan V2,201812,2018,12,Barclays,Renewal,8514939,0.656,1
Plan V2,201901,2019,1,Barclays,Renewal,8543820,0.653,1
Plan V2,201902,2019,2,Barclays,Renewal,8616095,0.647,1
Plan V2,201903,2019,3,Barclays,Renewal,8664192,0.647,1
Plan V2,201904,2019,4,Barclays,Renewal,8670767,0.644,1
Plan V2,201905,2019,5,Barclays,Renewal,8689391,0.641,1
Plan V2,201906,2019,6,Barclays,Renewal,8753565,0.640,1
Plan V2,201907,2019,7,Barclays,Renewal,8798359,0.634,1
Plan V2,201908,2019,8,Barclays,Renewal,8886341,0.629,1
Plan V2,201909,2019,9,Barclays,Renewal,8972851,0.629,1
Plan V2,201910,2019,10,Barclays,Renewal,8973237,0.623,1
Plan V2,201911,2019,11,Barclays,Renewal,9040842,0.628,1
Plan V2,201912,2019,12,Barclays,Renewal,9080518,0.629,1
Actual,201601,2016,1,HSBC,New Business,9150848,0.659,1
Actual,201602,2016,2,HSBC,New Business,9220547,0.656,1
Actual,201603,2016,3,HSBC,New Business,9290007,0.653,1
Actual,201604,2016,4,HSBC,New Business,9311792,0.657,1
Actual,201605,2016,5,HSBC,New Business,2121498,0.662,1
Actual,201606,2016,6,HSBC,New Business,2130135,0.664,1
Actual,201607,2016,7,HSBC,New Business,2136553,0.670,1
Actual,201608,2016,8,HSBC,New Business,2137876,0.676,1
Actual,201609,2016,9,HSBC,New Business,2157622,0.677,1
Actual,201610,2016,10,HSBC,New Business,2168626,0.672,1
Actual,201611,2016,11,HSBC,New Business,2171126,0.666,1
Actual,201612,2016,12,HSBC,New Business,2189113,0.672,1
Actual,201701,2017,1,HSBC,New Business,2203075,0.672,1
Actual,201702,2017,2,HSBC,New Business,2207576,0.673,1
Actual,201703,2017,3,HSBC,New Business,2222994,0.667,1
Actual,201704,2017,4,HSBC,New Business,2239251,0.672,1
Actual,201705,2017,5,HSBC,New Business,2250730,0.678,1
Actual,201706,2017,6,HSBC,New Business,2270052,0.675,1
Actual,201707,2017,7,HSBC,New Business,2289819,0.674,1
Actual,201708,2017,8,HSBC,New Business,2305495,0.678,1
Actual,201709,2017,9,HSBC,New Business,2320392,0.671,1
Actual,201710,2017,10,HSBC,New Business,2325877,0.671,1
Actual,201711,2017,11,HSBC,New Business,2331057,0.676,1
Actual,201712,2017,12,HSBC,New Business,2353782,0.669,1
Actual,201801,2018,1,HSBC,New Business,2360571,0.671,1
Actual,201802,2018,2,HSBC,New Business,2367748,0.665,1
Actual,201803,2018,3,HSBC,New Business,2384163,0.668,1
Actual,201804,2018,4,HSBC,New Business,2400526,0.673,1
Actual,201805,2018,5,HSBC,New Business,2411214,0.668,1
Actual,201806,2018,6,HSBC,New Business,2426960,0.675,1
Actual,201807,2018,7,HSBC,New Business,2438442,0.679,1
Actual,201808,2018,8,HSBC,New Business,2453667,0.678,1
Actual,201809,2018,9,HSBC,New Business,2477941,0.679,1
Actual,201810,2018,10,HSBC,New Business,2502062,0.682,1
Actual,201811,2018,11,HSBC,New Business,2523820,0.681,1
Actual,201812,2018,12,HSBC,New Business,2546500,0.686,1
Actual,201601,2016,1,HSBC,Renewal,2569978,0.764,1
Actual,201602,2016,2,HSBC,Renewal,2593534,0.771,1
Actual,201603,2016,3,HSBC,Renewal,2619230,0.778,1
Actual,201604,2016,4,HSBC,Renewal,2638207,0.775,1
Actual,201605,2016,5,HSBC,Renewal,2641852,0.770,1
Actual,201606,2016,6,HSBC,Renewal,2660428,0.769,1
Actual,201607,2016,7,HSBC,Renewal,2668882,0.766,1
Actual,201608,2016,8,HSBC,Renewal,2672757,0.766,1
Actual,201609,2016,9,HSBC,Renewal,2674407,0.770,1
Actual,201610,2016,10,HSBC,Renewal,2686869,0.769,1
Actual,201611,2016,11,HSBC,Renewal,2708951,0.774,1
Actual,201612,2016,12,HSBC,Renewal,2733660,0.770,1
Actual,201701,2017,1,HSBC,Renewal,2742492,0.769,1
Actual,201702,2017,2,HSBC,Renewal,2762594,0.772,1
Actual,201703,2017,3,HSBC,Renewal,2769649,0.770,1
Actual,201704,2017,4,HSBC,Renewal,2782214,0.773,1
Actual,201705,2017,5,HSBC,Renewal,2808523,0.767,1
Actual,201706,2017,6,HSBC,Renewal,2809760,0.773,1
Actual,201707,2017,7,HSBC,Renewal,2815763,0.767,1
Actual,201708,2017,8,HSBC,Renewal,2842415,0.761,1
Actual,201709,2017,9,HSBC,Renewal,2869972,0.757,1
Actual,201710,2017,10,HSBC,Renewal,2895101,0.763,1
Actual,201711,2017,11,HSBC,Renewal,2922569,0.757,1
Actual,201712,2017,12,HSBC,Renewal,2940043,0.759,1
Actual,201801,2018,1,HSBC,Renewal,2959347,0.763,1
Actual,201802,2018,2,HSBC,Renewal,2977800,0.758,1
Actual,201803,2018,3,HSBC,Renewal,2992450,0.752,1
Actual,201804,2018,4,HSBC,Renewal,3021401,0.745,1
Actual,201805,2018,5,HSBC,Renewal,3048427,0.741,1
Actual,201806,2018,6,HSBC,Renewal,3054607,0.738,1
Actual,201807,2018,7,HSBC,Renewal,3067221,0.741,1
Actual,201808,2018,8,HSBC,Renewal,3076462,0.736,1
Actual,201809,2018,9,HSBC,Renewal,3093212,0.729,1
Actual,201810,2018,10,HSBC,Renewal,3096285,0.725,1
Actual,201811,2018,11,HSBC,Renewal,3099570,0.722,1
Actual,201812,2018,12,HSBC,Renewal,3113971,0.720,1
Plan,201806,2018,6,HSBC,New Business,3118333,0.784,1
Plan,201807,2018,7,HSBC,New Business,3119786,0.788,1
Plan,201808,2018,8,HSBC,New Business,3145196,0.780,1
Plan,201809,2018,9,HSBC,New Business,3148533,0.778,1
Plan,201810,2018,10,HSBC,New Business,5736246,0.783,1
Plan,201811,2018,11,HSBC,New Business,5790599,0.781,1
Plan,201812,2018,12,HSBC,New Business,5842195,0.785,1
Plan,201901,2019,1,HSBC,New Business,5870007,0.784,1
Plan,201902,2019,2,HSBC,New Business,5918523,0.778,1
Plan,201903,2019,3,HSBC,New Business,5939717,0.784,1
Plan,201904,2019,4,HSBC,New Business,5991962,0.783,1
Plan,201905,2019,5,HSBC,New Business,6020802,0.787,1
Plan,201906,2019,6,HSBC,New Business,6032887,0.782,1
Plan,201907,2019,7,HSBC,New Business,6041472,0.786,1
Plan,201908,2019,8,HSBC,New Business,6070674,0.785,1
Plan,201909,2019,9,HSBC,New Business,6086657,0.785,1
Plan,201910,2019,10,HSBC,New Business,6107644,0.790,1
Plan,201911,2019,11,HSBC,New Business,6121263,0.791,1
Plan,201912,2019,12,HSBC,New Business,6181347,0.795,1
Plan,201806,2018,6,HSBC,Renewal,6188147,0.796,1
Plan,201807,2018,7,HSBC,Renewal,6239939,0.789,1
Plan,201808,2018,8,HSBC,Renewal,6264751,0.796,1
Plan,201809,2018,9,HSBC,Renewal,6302558,0.798,1
Plan,201810,2018,10,HSBC,Renewal,6348500,0.792,1
Plan,201811,2018,11,HSBC,Renewal,6409049,0.795,1
Plan,201812,2018,12,HSBC,Renewal,6454555,0.790,1
Plan,201901,2019,1,HSBC,Renewal,6458824,0.795,1
Plan,201902,2019,2,HSBC,Renewal,6468681,0.799,1
Plan,201903,2019,3,HSBC,Renewal,6519989,0.791,1
Plan,201904,2019,4,HSBC,Renewal,6521165,0.794,1
Plan,201905,2019,5,HSBC,Renewal,6578630,0.802,1
Plan,201906,2019,6,HSBC,Renewal,6605026,0.809,1
Plan,201907,2019,7,HSBC,Renewal,6606570,0.814,1
Plan,201908,2019,8,HSBC,Renewal,6647668,0.819,1
Plan,201909,2019,9,HSBC,Renewal,6666801,0.820,1
Plan,201910,2019,10,HSBC,Renewal,6713949,0.817,1
Plan,201911,2019,11,HSBC,Renewal,6758687,0.614,1
Plan,201912,2019,12,HSBC,Renewal,6817908,0.617,1
Plan V2,201809,2018,9,HSBC,New Business,6841772,0.617,1
Plan V2,201810,2018,10,HSBC,New Business,6848573,0.616,1
Plan V2,201811,2018,11,HSBC,New Business,6871628,0.622,1
Plan V2,201812,2018,12,HSBC,New Business,6894481,0.623,1
Plan V2,201901,2019,1,HSBC,New Business,6946746,0.621,1
Plan V2,201902,2019,2,HSBC,New Business,6953195,0.619,1
Plan V2,201903,2019,3,HSBC,New Business,6964837,0.625,1
Plan V2,201904,2019,4,HSBC,New Business,6982530,0.627,1
Plan V2,201905,2019,5,HSBC,New Business,6987723,0.621,1
Plan V2,201906,2019,6,HSBC,New Business,7013092,0.619,1
Plan V2,201907,2019,7,HSBC,New Business,7057954,0.623,1
Plan V2,201908,2019,8,HSBC,New Business,7110384,0.625,1
Plan V2,201909,2019,9,HSBC,New Business,7161949,0.622,1
Plan V2,201910,2019,10,HSBC,New Business,7182626,0.624,1
Plan V2,201911,2019,11,HSBC,New Business,7239744,0.623,1
Plan V2,201912,2019,12,HSBC,New Business,7268696,0.629,1
Plan V2,201809,2018,9,HSBC,Renewal,7303387,0.633,1
Plan V2,201810,2018,10,HSBC,Renewal,7375211,0.629,1
Plan V2,201811,2018,11,HSBC,Renewal,7394724,0.633,1
Plan V2,201812,2018,12,HSBC,Renewal,7416327,0.631,1
Plan V2,201901,2019,1,HSBC,Renewal,7453186,0.625,1
Plan V2,201902,2019,2,HSBC,Renewal,7516854,0.620,1
Plan V2,201903,2019,3,HSBC,Renewal,7580139,0.618,1
Plan V2,201904,2019,4,HSBC,Renewal,7598539,0.617,1
Plan V2,201905,2019,5,HSBC,Renewal,7637951,0.616,1
Plan V2,201906,2019,6,HSBC,Renewal,7703681,0.611,1
Plan V2,201907,2019,7,HSBC,Renewal,7712804,0.606,1
Plan V2,201908,2019,8,HSBC,Renewal,7731032,0.608,1
Plan V2,201909,2019,9,HSBC,Renewal,7799761,0.604,1
Plan V2,201910,2019,10,HSBC,Renewal,7830468,0.603,1
Plan V2,201911,2019,11,HSBC,Renewal,7846387,0.602,1
Plan V2,201912,2019,12,HSBC,Renewal,7851164,0.601,1
Actual,201601,2016,1,IB APC,New Business,7864162,0.604,1
Actual,201602,2016,2,IB APC,New Business,7909806,0.605,1
Actual,201603,2016,3,IB APC,New Business,7981162,0.332,1
Actual,201604,2016,4,IB APC,New Business,8017578,0.330,1
Actual,201605,2016,5,IB APC,New Business,8064894,0.327,1
Actual,201606,2016,6,IB APC,New Business,8107076,0.329,1
Actual,201607,2016,7,IB APC,New Business,349681,0.329,1
Actual,201608,2016,8,IB APC,New Business,351442,0.327,1
Actual,201609,2016,9,IB APC,New Business,352611,0.328,1
Actual,201610,2016,10,IB APC,New Business,355922,0.326,1
Actual,201611,2016,11,IB APC,New Business,358645,0.323,1
Actual,201612,2016,12,IB APC,New Business,360389,0.324,1
Actual,201701,2017,1,IB APC,New Business,361974,0.324,1
Actual,201702,2017,2,IB APC,New Business,362323,0.325,1
Actual,201703,2017,3,IB APC,New Business,365115,0.325,1
Actual,201704,2017,4,IB APC,New Business,367900,0.325,1
Actual,201705,2017,5,IB APC,New Business,367987,0.326,1
Actual,201706,2017,6,IB APC,New Business,368956,0.324,1
Actual,201707,2017,7,IB APC,New Business,371456,0.324,1
Actual,201708,2017,8,IB APC,New Business,375063,0.326,1
Actual,201709,2017,9,IB APC,New Business,375935,0.325,1
Actual,201710,2017,10,IB APC,New Business,377152,0.327,1
Actual,201711,2017,11,IB APC,New Business,380307,0.326,1
Actual,201712,2017,12,IB APC,New Business,383807,0.329,1
Actual,201801,2018,1,IB APC,New Business,384472,0.329,1
Actual,201802,2018,2,IB APC,New Business,387947,0.329,1
Actual,201803,2018,3,IB APC,New Business,389453,0.329,1
Actual,201804,2018,4,IB APC,New Business,389575,0.331,1
Actual,201805,2018,5,IB APC,New Business,393141,0.329,1
Actual,201806,2018,6,IB APC,New Business,393989,0.327,1
Actual,201807,2018,7,IB APC,New Business,395093,0.326,1
Actual,201808,2018,8,IB APC,New Business,395206,0.327,1
Actual,201809,2018,9,IB APC,New Business,397224,0.326,1
Actual,201810,2018,10,IB APC,New Business,400476,0.325,1
Actual,201811,2018,11,IB APC,New Business,404446,0.327,1
Actual,201812,2018,12,IB APC,New Business,406914,0.325,1
Actual,201601,2016,1,IB APC,Renewal,408923,0.322,1
Actual,201602,2016,2,IB APC,Renewal,412081,0.325,1
Actual,201603,2016,3,IB APC,Renewal,413270,0.473,1
Actual,201604,2016,4,IB APC,Renewal,413799,0.470,1
Actual,201605,2016,5,IB APC,Renewal,417368,0.468,1
Actual,201606,2016,6,IB APC,Renewal,420965,0.465,1
Actual,201607,2016,7,IB APC,Renewal,424430,0.467,1
Actual,201608,2016,8,IB APC,Renewal,426007,0.465,1
Actual,201609,2016,9,IB APC,Renewal,427072,0.469,1
Actual,201610,2016,10,IB APC,Renewal,429741,0.472,1
Actual,201611,2016,11,IB APC,Renewal,433728,0.469,1
Actual,201612,2016,12,IB APC,Renewal,435579,0.471,1
Actual,201701,2017,1,IB APC,Renewal,436609,0.474,1
Actual,201702,2017,2,IB APC,Renewal,439938,0.473,1
Actual,201703,2017,3,IB APC,Renewal,442320,0.471,1
Actual,201704,2017,4,IB APC,Renewal,442460,0.471,1
Actual,201705,2017,5,IB APC,Renewal,444284,0.467,1
Actual,201706,2017,6,IB APC,Renewal,448632,0.463,1
Actual,201707,2017,7,IB APC,Renewal,451091,0.459,1
Actual,201708,2017,8,IB APC,Renewal,453465,0.464,1
Actual,201709,2017,9,IB APC,Renewal,456898,0.467,1
Actual,201710,2017,10,IB APC,Renewal,458227,0.470,1
Actual,201711,2017,11,IB APC,Renewal,459311,0.468,1
Actual,201712,2017,12,IB APC,Renewal,462238,0.466,1
Actual,201801,2018,1,IB APC,Renewal,465595,0.467,1
Actual,201802,2018,2,IB APC,Renewal,469869,0.468,1
Actual,201803,2018,3,IB APC,Renewal,469879,0.471,1
Actual,201804,2018,4,IB APC,Renewal,472538,0.467,1
Actual,201805,2018,5,IB APC,Renewal,472929,0.467,1
Actual,201806,2018,6,IB APC,Renewal,477587,0.468,1
Actual,201807,2018,7,IB APC,Renewal,479603,0.470,1
Actual,201808,2018,8,IB APC,Renewal,483531,0.474,1
Actual,201809,2018,9,IB APC,Renewal,485283,0.472,1
Actual,201810,2018,10,IB APC,Renewal,489544,0.470,1
Actual,201811,2018,11,IB APC,Renewal,490395,0.466,1
Actual,201812,2018,12,IB APC,Renewal,492860,0.470,1
Plan,201806,2018,6,IB APC,New Business,496738,0.470,1
Plan,201807,2018,7,IB APC,New Business,499342,0.471,1
Plan,201808,2018,8,IB APC,New Business,503170,0.313,1
Plan,201809,2018,9,IB APC,New Business,505120,0.316,1
Plan,201810,2018,10,IB APC,New Business,506031,0.314,1
Plan,201811,2018,11,IB APC,New Business,510487,0.312,1
Plan,201812,2018,12,IB APC,New Business,8327635,0.312,1
Plan,201901,2019,1,IB APC,New Business,8390557,0.311,1
Plan,201902,2019,2,IB APC,New Business,8467699,0.314,1
Plan,201903,2019,3,IB APC,New Business,8531651,0.312,1
Plan,201904,2019,4,IB APC,New Business,8589809,0.315,1
Plan,201905,2019,5,IB APC,New Business,8633142,0.318,1
Plan,201906,2019,6,IB APC,New Business,8693708,0.319,1
Plan,201907,2019,7,IB APC,New Business,8715203,0.319,1
Plan,201908,2019,8,IB APC,New Business,8736822,0.316,1
Plan,201909,2019,9,IB APC,New Business,8768498,0.317,1
Plan,201910,2019,10,IB APC,New Business,8779859,0.316,1
Plan,201911,2019,11,IB APC,New Business,8801726,0.315,1
Plan,201912,2019,12,IB APC,New Business,8860887,0.315,1
Plan,201806,2018,6,IB APC,Renewal,8925231,0.317,1
Plan,201807,2018,7,IB APC,Renewal,8959468,0.319,1
Plan,201808,2018,8,IB APC,Renewal,9036765,0.316,1
Plan,201809,2018,9,IB APC,Renewal,9123514,0.313,1
Plan,201810,2018,10,IB APC,Renewal,9163486,0.310,1
Plan,201811,2018,11,IB APC,Renewal,9174848,0.310,1
Plan,201812,2018,12,IB APC,Renewal,9186031,0.308,1
Plan,201901,2019,1,IB APC,Renewal,9251223,0.311,1
Plan,201902,2019,2,IB APC,Renewal,9265487,0.312,1
Plan,201903,2019,3,IB APC,Renewal,9285529,0.312,1
Plan,201904,2019,4,IB APC,Renewal,9362998,0.315,1
Plan,201905,2019,5,IB APC,Renewal,9372525,0.313,1
Plan,201906,2019,6,IB APC,Renewal,9455892,0.314,1
Plan,201907,2019,7,IB APC,Renewal,9537528,0.317,1
Plan,201908,2019,8,IB APC,Renewal,9544671,0.319,1
Plan,201909,2019,9,IB APC,Renewal,9603310,0.320,1
Plan,201910,2019,10,IB APC,Renewal,9637101,0.319,1
Plan,201911,2019,11,IB APC,Renewal,9653656,0.321,1
Plan,201912,2019,12,IB APC,Renewal,9720655,0.321,1
Plan V2,201809,2018,9,IB APC,New Business,9799480,0.663,1
Plan V2,201810,2018,10,IB APC,New Business,9870101,0.668,1
Plan V2,201811,2018,11,IB APC,New Business,9957521,0.666,1
Plan V2,201812,2018,12,IB APC,New Business,9998737,0.666,1
Plan V2,201901,2019,1,IB APC,New Business,10051751,0.672,1
Plan V2,201902,2019,2,IB APC,New Business,10126232,0.676,1
Plan V2,201903,2019,3,IB APC,New Business,10186440,0.670,1
Plan V2,201904,2019,4,IB APC,New Business,10204564,0.676,1
Plan V2,201905,2019,5,IB APC,New Business,10222026,0.675,1
Plan V2,201906,2019,6,IB APC,New Business,10228616,0.677,1
Plan V2,201907,2019,7,IB APC,New Business,10248651,0.683,1
Plan V2,201908,2019,8,IB APC,New Business,10306598,0.677,1
Plan V2,201909,2019,9,IB APC,New Business,10357041,0.680,1
Plan V2,201910,2019,10,IB APC,New Business,10394674,0.678,1
Plan V2,201911,2019,11,IB APC,New Business,10484684,0.684,1
Plan V2,201912,2019,12,IB APC,New Business,10500712,0.682,1
Plan V2,201809,2018,9,IB APC,Renewal,10522476,0.685,1
Plan V2,201810,2018,10,IB APC,Renewal,10523151,0.682,1
Plan V2,201811,2018,11,IB APC,Renewal,10613097,0.676,1
Plan V2,201812,2018,12,IB APC,Renewal,10655648,0.681,1
Plan V2,201901,2019,1,IB APC,Renewal,10669475,0.688,1
Plan V2,201902,2019,2,IB APC,Renewal,10728482,0.690,1
Plan V2,201903,2019,3,IB APC,Renewal,10730519,0.688,1
Plan V2,201904,2019,4,IB APC,Renewal,10736849,0.683,1
Plan V2,201905,2019,5,IB APC,Renewal,10769809,0.685,1
Plan V2,201906,2019,6,IB APC,Renewal,10875889,0.680,1
Plan V2,201907,2019,7,IB APC,Renewal,10972769,0.674,1
Plan V2,201908,2019,8,IB APC,Renewal,11026335,0.680,1
Plan V2,201909,2019,9,IB APC,Renewal,11131748,0.679,1
Plan V2,201910,2019,10,IB APC,Renewal,11157543,0.681,1
Plan V2,201911,2019,11,IB APC,Renewal,11167041,0.679,1
Plan V2,201912,2019,12,IB APC,Renewal,11270661,0.684,1
Actual,201601,2016,1,IB Main ex APC,New Business,11346638,0.682,1
Actual,201602,2016,2,IB Main ex APC,New Business,11348922,0.684,1
Actual,201603,2016,3,IB Main ex APC,New Business,11389738,0.683,1
Actual,201604,2016,4,IB Main ex APC,New Business,11452084,0.679,1
Actual,201605,2016,5,IB Main ex APC,New Business,11498101,0.454,1
Actual,201606,2016,6,IB Main ex APC,New Business,11583974,0.450,1
Actual,201607,2016,7,IB Main ex APC,New Business,11670773,0.450,1
Actual,201608,2016,8,IB Main ex APC,New Business,11781361,0.448,1
Actual,201609,2016,9,IB Main ex APC,New Business,4659815,0.446,1
Actual,201610,2016,10,IB Main ex APC,New Business,4722126,0.444,1
Actual,201611,2016,11,IB Main ex APC,New Business,4738595,0.444,1
Actual,201612,2016,12,IB Main ex APC,New Business,4778150,0.520,1
Actual,201701,2017,1,IB Main ex APC,New Business,4852302,0.525,1
Actual,201702,2017,2,IB Main ex APC,New Business,4876144,0.524,1
Actual,201703,2017,3,IB Main ex APC,New Business,4929029,0.526,1
Actual,201704,2017,4,IB Main ex APC,New Business,4967367,0.528,1
Actual,201705,2017,5,IB Main ex APC,New Business,4971331,0.525,1
Actual,201706,2017,6,IB Main ex APC,New Business,5015910,0.528,1
Actual,201707,2017,7,IB Main ex APC,New Business,5052484,0.528,1
Actual,201708,2017,8,IB Main ex APC,New Business,5096768,0.531,1
Actual,201709,2017,9,IB Main ex APC,New Business,5116610,0.536,1
Actual,201710,2017,10,IB Main ex APC,New Business,5144968,0.535,1
Actual,201711,2017,11,IB Main ex APC,New Business,5149456,0.533,1
Actual,201712,2017,12,IB Main ex APC,New Business,5197479,0.536,1
Actual,201801,2018,1,IB Main ex APC,New Business,5231662,0.540,1
Actual,201802,2018,2,IB Main ex APC,New Business,5255012,0.544,1
Actual,201803,2018,3,IB Main ex APC,New Business,5257814,0.546,1
Actual,201804,2018,4,IB Main ex APC,New Business,3615450,0.542,1
Actual,201805,2018,5,IB Main ex APC,New Business,3639496,0.540,1
Actual,201806,2018,6,IB Main ex APC,New Business,3680396,0.536,1
Actual,201807,2018,7,IB Main ex APC,New Business,3705402,0.743,1
Actual,201808,2018,8,IB Main ex APC,New Business,3750295,0.739,1
Actual,201809,2018,9,IB Main ex APC,New Business,3793956,0.745,1
Actual,201810,2018,10,IB Main ex APC,New Business,3845797,0.748,1
Actual,201811,2018,11,IB Main ex APC,New Business,3850193,0.747,1
Actual,201812,2018,12,IB Main ex APC,New Business,3861432,0.754,1
Actual,201601,2016,1,IB Main ex APC,Renewal,3899378,0.749,1
Actual,201602,2016,2,IB Main ex APC,Renewal,3918108,0.743,1
Actual,201603,2016,3,IB Main ex APC,Renewal,3946402,0.739,1
Actual,201604,2016,4,IB Main ex APC,Renewal,3959559,0.734,1
Actual,201605,2016,5,IB Main ex APC,Renewal,3976223,0.727,1
Actual,201606,2016,6,IB Main ex APC,Renewal,3995557,0.723,1
Actual,201607,2016,7,IB Main ex APC,Renewal,4025341,0.727,1
Actual,201608,2016,8,IB Main ex APC,Renewal,4053724,0.732,1
Actual,201609,2016,9,IB Main ex APC,Renewal,4062547,0.729,1
Actual,201610,2016,10,IB Main ex APC,Renewal,4086409,0.732,1
Actual,201611,2016,11,IB Main ex APC,Renewal,3731832,0.738,1
Actual,201612,2016,12,IB Main ex APC,Renewal,3789430,0.738,1
Actual,201701,2017,1,IB Main ex APC,Renewal,3890179,0.735,1
Actual,201702,2017,2,IB Main ex APC,Renewal,3968838,0.423,1
Actual,201703,2017,3,IB Main ex APC,Renewal,4028668,0.423,1
Actual,201704,2017,4,IB Main ex APC,Renewal,4105534,0.426,1
Actual,201705,2017,5,IB Main ex APC,Renewal,4216016,0.423,1
Actual,201706,2017,6,IB Main ex APC,Renewal,4145554,0.426,1
Actual,201707,2017,7,IB Main ex APC,Renewal,4074829,0.427,1
Actual,201708,2017,8,IB Main ex APC,Renewal,3958695,0.429,1
Actual,201709,2017,9,IB Main ex APC,Renewal,3812697,0.431,1
Actual,201710,2017,10,IB Main ex APC,Renewal,3944571,0.430,1
Actual,201711,2017,11,IB Main ex APC,Renewal,3912441,0.428,1
Actual,201712,2017,12,IB Main ex APC,Renewal,4046132,0.426,1
Actual,201801,2018,1,IB Main ex APC,Renewal,3969995,0.427,1
Actual,201802,2018,2,IB Main ex APC,Renewal,4084031,0.424,1
Actual,201803,2018,3,IB Main ex APC,Renewal,4014481,0.428,1
Actual,201804,2018,4,IB Main ex APC,Renewal,4126909,0.428,1
Actual,201805,2018,5,IB Main ex APC,Renewal,4233742,0.428,1
Actual,201806,2018,6,IB Main ex APC,Renewal,18723520,0.431,1
Actual,201807,2018,7,IB Main ex APC,Renewal,19259573,0.433,1
Actual,201808,2018,8,IB Main ex APC,Renewal,19574853,0.434,1
Actual,201809,2018,9,IB Main ex APC,Renewal,19901259,0.631,1
Actual,201810,2018,10,IB Main ex APC,Renewal,20363484,0.631,1
Actual,201811,2018,11,IB Main ex APC,Renewal,20735824,0.629,1
Actual,201812,2018,12,IB Main ex APC,Renewal,21117111,0.629,1
Plan,201806,2018,6,IB Main ex APC,New Business,22083853,0.633,1
Plan,201807,2018,7,IB Main ex APC,New Business,22567672,0.635,1
Plan,201808,2018,8,IB Main ex APC,New Business,21551996,0.632,1
Plan,201809,2018,9,IB Main ex APC,New Business,22065471,0.628,1
Plan,201810,2018,10,IB Main ex APC,New Business,21925294,0.623,1
Plan,201811,2018,11,IB Main ex APC,New Business,22199018,0.622,1
Plan,201812,2018,12,IB Main ex APC,New Business,21835274,0.627,1
Plan,201901,2019,1,IB Main ex APC,New Business,22128640,0.627,1
Plan,201902,2019,2,IB Main ex APC,New Business,22600767,0.633,1
Plan,201903,2019,3,IB Main ex APC,New Business,23606930,0.628,1
Plan,201904,2019,4,IB Main ex APC,New Business,23270190,0.630,1
Plan,201905,2019,5,IB Main ex APC,New Business,22310197,0.630,1
Plan,201906,2019,6,IB Main ex APC,New Business,5974006,0.624,1
Plan,201907,2019,7,IB Main ex APC,New Business,10138716,0.618,1
Plan,201908,2019,8,IB Main ex APC,New Business,9974404,0.618,1
Plan,201909,2019,9,IB Main ex APC,New Business,9666424,0.683,1
Plan,201910,2019,10,IB Main ex APC,New Business,9971972,0.680,1
Plan,201911,2019,11,IB Main ex APC,New Business,9752163,0.683,1
Plan,201912,2019,12,IB Main ex APC,New Business,9839231,0.678,1
Plan,201806,2018,6,IB Main ex APC,Renewal,9863693,0.681,1
Plan,201807,2018,7,IB Main ex APC,Renewal,9853385,0.681,1
Plan,201808,2018,8,IB Main ex APC,Renewal,9854144,0.687,1
Plan,201809,2018,9,IB Main ex APC,Renewal,9903549,0.682,1
Plan,201810,2018,10,IB Main ex APC,Renewal,9919880,0.678,1
Plan,201811,2018,11,IB Main ex APC,Renewal,9866055,0.684,1
Plan,201812,2018,12,IB Main ex APC,Renewal,9858334,0.678,1
Plan,201901,2019,1,IB Main ex APC,Renewal,9914361,0.679,1
Plan,201902,2019,2,IB Main ex APC,Renewal,9935512,0.675,1
Plan,201903,2019,3,IB Main ex APC,Renewal,9889616,0.669,1
Plan,201904,2019,4,IB Main ex APC,Renewal,9882090,0.675,1
Plan,201905,2019,5,IB Main ex APC,Renewal,9897411,0.679,1
Plan,201906,2019,6,IB Main ex APC,Renewal,887311,0.674,1
Plan,201907,2019,7,IB Main ex APC,Renewal,863048,0.674,1
Plan,201908,2019,8,IB Main ex APC,Renewal,854691,0.675,1
Plan,201909,2019,9,IB Main ex APC,Renewal,884448,0.566,1
Plan,201910,2019,10,IB Main ex APC,Renewal,909511,0.564,1
Plan,201911,2019,11,IB Main ex APC,Renewal,877521,0.568,1
Plan,201912,2019,12,IB Main ex APC,Renewal,879711,0.567,1
Plan V2,201809,2018,9,IB Main ex APC,New Business,882283,0.571,1
Plan V2,201810,2018,10,IB Main ex APC,New Business,883226,0.568,1
Plan V2,201811,2018,11,IB Main ex APC,New Business,881271,0.567,1
Plan V2,201812,2018,12,IB Main ex APC,New Business,886713,0.569,1
Plan V2,201901,2019,1,IB Main ex APC,New Business,879763,0.564,1
Plan V2,201902,2019,2,IB Main ex APC,New Business,884259,0.565,1
Plan V2,201903,2019,3,IB Main ex APC,New Business,882836,0.564,1
Plan V2,201904,2019,4,IB Main ex APC,New Business,883482,0.561,1
Plan V2,201905,2019,5,IB Main ex APC,New Business,884042,0.557,1
Plan V2,201906,2019,6,IB Main ex APC,New Business,883398,0.556,1
Plan V2,201907,2019,7,IB Main ex APC,New Business,882934,0.552,1
Plan V2,201908,2019,8,IB Main ex APC,New Business,884758,0.552,1
Plan V2,201909,2019,9,IB Main ex APC,New Business,3782772,0.557,1
Plan V2,201910,2019,10,IB Main ex APC,New Business,3860814,0.558,1
Plan V2,201911,2019,11,IB Main ex APC,New Business,3860997,0.556,1
Plan V2,201912,2019,12,IB Main ex APC,New Business,3878089,0.637,1
Plan V2,201809,2018,9,IB Main ex APC,Renewal,3897074,0.631,1
Plan V2,201810,2018,10,IB Main ex APC,Renewal,3909696,0.635,1
Plan V2,201811,2018,11,IB Main ex APC,Renewal,3917620,0.631,1
Plan V2,201812,2018,12,IB Main ex APC,Renewal,3956411,0.632,1
Plan V2,201901,2019,1,IB Main ex APC,Renewal,3958481,0.636,1
Plan V2,201902,2019,2,IB Main ex APC,Renewal,3963809,0.636,1
Plan V2,201903,2019,3,IB Main ex APC,Renewal,3991020,0.636,1
Plan V2,201904,2019,4,IB Main ex APC,Renewal,3994998,0.638,1
Plan V2,201905,2019,5,IB Main ex APC,Renewal,4018400,0.634,1
Plan V2,201906,2019,6,IB Main ex APC,Renewal,4030636,0.639,1
Plan V2,201907,2019,7,IB Main ex APC,Renewal,4055305,0.644,1
Plan V2,201908,2019,8,IB Main ex APC,Renewal,4057921,0.648,1
Plan V2,201909,2019,9,IB Main ex APC,Renewal,4071742,0.648,1
Plan V2,201910,2019,10,IB Main ex APC,Renewal,4088483,0.645,1
Plan V2,201911,2019,11,IB Main ex APC,Renewal,4094313,0.640,1
Plan V2,201912,2019,12,IB Main ex APC,Renewal,9888809,0.639,1
Actual,201601,2016,1,Santander,New Business,9969537,0.640,1
Actual,201602,2016,2,Santander,New Business,10023769,0.646,1
Actual,201603,2016,3,Santander,New Business,10113219,0.353,1
Actual,201604,2016,4,Santander,New Business,10219994,0.351,1
Actual,201605,2016,5,Santander,New Business,10262485,0.354,1
Actual,201606,2016,6,Santander,New Business,10291769,0.356,1
Actual,201607,2016,7,Santander,New Business,10315692,0.358,1
Actual,201608,2016,8,Santander,New Business,10408384,0.356,1
Actual,201609,2016,9,Santander,New Business,10475532,0.358,1
Actual,201610,2016,10,Santander,New Business,10534008,0.355,1
Actual,201611,2016,11,Santander,New Business,10604242,0.356,1
Actual,201612,2016,12,Santander,New Business,10629006,0.354,1
Actual,201701,2017,1,Santander,New Business,10680296,0.351,1
Actual,201702,2017,2,Santander,New Business,10776637,0.349,1
Actual,201703,2017,3,Santander,New Business,10845093,0.347,1
Actual,201704,2017,4,Santander,New Business,10863458,0.347,1
Actual,201705,2017,5,Santander,New Business,10955632,0.344,1
Actual,201706,2017,6,Santander,New Business,11016537,0.346,1
Actual,201707,2017,7,Santander,New Business,2759717,0.342,1
Actual,201708,2017,8,Santander,New Business,2788250,0.341,1
Actual,201709,2017,9,Santander,New Business,2810739,0.342,1
Actual,201710,2017,10,Santander,New Business,2836300,0.392,1
Actual,201711,2017,11,Santander,New Business,2874214,0.389,1
Actual,201712,2017,12,Santander,New Business,2886421,0.386,1
Actual,201801,2018,1,Santander,New Business,2907968,0.387,1
Actual,201802,2018,2,Santander,New Business,2917143,0.390,1
Actual,201803,2018,3,Santander,New Business,2927063,0.387,1
Actual,201804,2018,4,Santander,New Business,2930019,0.388,1
Actual,201805,2018,5,Santander,New Business,2937100,0.390,1
Actual,201806,2018,6,Santander,New Business,2937540,0.387,1
Actual,201807,2018,7,Santander,New Business,2941126,0.387,1
Actual,201808,2018,8,Santander,New Business,2956844,0.388,1
Actual,201809,2018,9,Santander,New Business,2974108,0.386,1
Actual,201810,2018,10,Santander,New Business,2993190,0.382,1
Actual,201811,2018,11,Santander,New Business,3000200,0.385,1
Actual,201812,2018,12,Santander,New Business,3000739,0.382,1
Actual,201601,2016,1,Santander,Renewal,3009916,0.381,1
Actual,201602,2016,2,Santander,Renewal,3421091,0.384,1
Actual,201603,2016,3,Santander,Renewal,3422499,0.388,1
Actual,201604,2016,4,Santander,Renewal,3441124,0.391,1
Actual,201605,2016,5,Santander,Renewal,3457801,0.545,1
Actual,201606,2016,6,Santander,Renewal,3452838,0.545,1
Actual,201607,2016,7,Santander,Renewal,3479737,0.547,1
Actual,201608,2016,8,Santander,Renewal,3479942,0.551,1
Actual,201609,2016,9,Santander,Renewal,3487217,0.556,1
Actual,201610,2016,10,Santander,Renewal,3494660,0.560,1
Actual,201611,2016,11,Santander,Renewal,3496030,0.563,1
Actual,201612,2016,12,Santander,Renewal,3524889,0.561,1
Actual,201701,2017,1,Santander,Renewal,3526516,0.560,1
Actual,201702,2017,2,Santander,Renewal,3554844,0.564,1
Actual,201703,2017,3,Santander,Renewal,3565236,0.568,1
Actual,201704,2017,4,Santander,Renewal,3577824,0.563,1
Actual,201705,2017,5,Santander,Renewal,3613018,0.563,1
Actual,201706,2017,6,Santander,Renewal,3634088,0.565,1
Actual,201707,2017,7,Santander,Renewal,3655209,0.562,1
Actual,201708,2017,8,Santander,Renewal,3657293,0.562,1
Actual,201709,2017,9,Santander,Renewal,7333354,0.568,1
Actual,201710,2017,10,Santander,Renewal,7373063,0.567,1
Actual,201711,2017,11,Santander,Renewal,7437549,0.568,1
Actual,201712,2017,12,Santander,Renewal,7440571,0.529,1
Actual,201801,2018,1,Santander,Renewal,7525834,0.525,1
Actual,201802,2018,2,Santander,Renewal,7542923,0.523,1
Actual,201803,2018,3,Santander,Renewal,7585375,0.518,1
Actual,201804,2018,4,Santander,Renewal,7636098,0.521,1
Actual,201805,2018,5,Santander,Renewal,7649025,0.524,1
Actual,201806,2018,6,Santander,Renewal,7661400,0.522,1
Actual,201807,2018,7,Santander,Renewal,7727492,0.517,1
Actual,201808,2018,8,Santander,Renewal,7785107,0.515,1
Actual,201809,2018,9,Santander,Renewal,7843543,0.517,1
Actual,201810,2018,10,Santander,Renewal,7846500,0.512,1
Actual,201811,2018,11,Santander,Renewal,7911072,0.516,1
Actual,201812,2018,12,Santander,Renewal,7955877,0.518,1
Plan,201806,2018,6,Santander,New Business,8019902,0.514,1
Plan,201807,2018,7,Santander,New Business,8030778,0.516,1
Plan,201808,2018,8,Santander,New Business,8071601,0.513,1
Plan,201809,2018,9,Santander,New Business,8686078,0.513,1
Plan,201810,2018,10,Santander,New Business,8722643,0.515,1
Plan,201811,2018,11,Santander,New Business,8702455,0.518,1
Plan,201812,2018,12,Santander,New Business,8802735,0.594,1
Plan,201901,2019,1,Santander,New Business,8872214,0.597,1
Plan,201902,2019,2,Santander,New Business,8919044,0.602,1
Plan,201903,2019,3,Santander,New Business,8951228,0.606,1
Plan,201904,2019,4,Santander,New Business,9014070,0.608,1
Plan,201905,2019,5,Santander,New Business,9055446,0.611,1
Plan,201906,2019,6,Santander,New Business,9127767,0.607,1
Plan,201907,2019,7,Santander,New Business,9207755,0.611,1
Plan,201908,2019,8,Santander,New Business,9298573,0.606,1
Plan,201909,2019,9,Santander,New Business,9384441,0.605,1
Plan,201910,2019,10,Santander,New Business,9431244,0.610,1
Plan,201911,2019,11,Santander,New Business,9509597,0.607,1
Plan,201912,2019,12,Santander,New Business,9542810,0.603,1
Plan,201806,2018,6,Santander,Renewal,9542945,0.605,1
Plan,201807,2018,7,Santander,Renewal,9617138,0.609,1
Plan,201808,2018,8,Santander,Renewal,9657612,0.605,1
Plan,201809,2018,9,Santander,Renewal,327888,0.607,1
Plan,201810,2018,10,Santander,Renewal,327649,0.613,1
Plan,201811,2018,11,Santander,Renewal,333019,0.613,1
Plan,201812,2018,12,Santander,Renewal,331764,0.654,1
Plan,201901,2019,1,Santander,Renewal,332784,0.653,1
Plan,201902,2019,2,Santander,Renewal,333964,0.653,1
Plan,201903,2019,3,Santander,Renewal,337833,0.647,1
Plan,201904,2019,4,Santander,Renewal,338380,0.648,1
Plan,201905,2019,5,Santander,Renewal,338726,0.652,1
Plan,201906,2019,6,Santander,Renewal,341324,0.647,1
Plan,201907,2019,7,Santander,Renewal,344501,0.650,1
Plan,201908,2019,8,Santander,Renewal,344531,0.643,1
Plan,201909,2019,9,Santander,Renewal,347268,0.648,1
Plan,201910,2019,10,Santander,Renewal,349624,0.649,1
Plan,201911,2019,11,Santander,Renewal,352269,0.652,1
Plan,201912,2019,12,Santander,Renewal,354301,0.648,1
Plan V2,201809,2018,9,Santander,New Business,357376,0.650,1
Plan V2,201810,2018,10,Santander,New Business,359725,0.648,1
Plan V2,201811,2018,11,Santander,New Business,362670,0.648,1
Plan V2,201812,2018,12,Santander,New Business,397068,0.652,1
Plan V2,201901,2019,1,Santander,New Business,399561,0.653,1
Plan V2,201902,2019,2,Santander,New Business,403123,0.654,1
Plan V2,201903,2019,3,Santander,New Business,404110,0.487,1
Plan V2,201904,2019,4,Santander,New Business,405580,0.488,1
Plan V2,201905,2019,5,Santander,New Business,405466,0.488,1
Plan V2,201906,2019,6,Santander,New Business,413411,0.489,1
Plan V2,201907,2019,7,Santander,New Business,415574,0.489,1
Plan V2,201908,2019,8,Santander,New Business,417955,0.493,1
Plan V2,201909,2019,9,Santander,New Business,419863,0.494,1
Plan V2,201910,2019,10,Santander,New Business,420779,0.497,1
Plan V2,201911,2019,11,Santander,New Business,423764,0.495,1
Plan V2,201912,2019,12,Santander,New Business,425196,0.492,1
Plan V2,201809,2018,9,Santander,Renewal,426674,0.493,1
Plan V2,201810,2018,10,Santander,Renewal,428363,0.489,1
Plan V2,201811,2018,11,Santander,Renewal,432541,0.489,1
Plan V2,201812,2018,12,Santander,Renewal,434318,0.489,1
Plan V2,201901,2019,1,Santander,Renewal,435682,0.489,1
Plan V2,201902,2019,2,Santander,Renewal,439632,0.490,1
Plan V2,201903,2019,3,Santander,Renewal,10603048,0.492,1
Plan V2,201904,2019,4,Santander,Renewal,10629339,0.491,1
Plan V2,201905,2019,5,Santander,Renewal,10729332,0.491,1
Plan V2,201906,2019,6,Santander,Renewal,10848635,0.792,1
Plan V2,201907,2019,7,Santander,Renewal,10895101,0.797,1
Plan V2,201908,2019,8,Santander,Renewal,10992287,0.799,1
Plan V2,201909,2019,9,Santander,Renewal,11072888,0.801,1
Plan V2,201910,2019,10,Santander,Renewal,11089081,0.800,1
Plan V2,201911,2019,11,Santander,Renewal,11094965,0.798,1
Plan V2,201912,2019,12,Santander,Renewal,11145447,0.805,1
Actual,201601,2016,1,TSB,New Business,11157691,0.812,1
Actual,201602,2016,2,TSB,New Business,11252174,0.820,1
Actual,201603,2016,3,TSB,New Business,11296265,0.818,1
Actual,201604,2016,4,TSB,New Business,11342270,0.822,1
Actual,201605,2016,5,TSB,New Business,11394486,0.815,1
Actual,201606,2016,6,TSB,New Business,11458472,0.813,1
Actual,201607,2016,7,TSB,New Business,11555502,0.806,1
Actual,201608,2016,8,TSB,New Business,11635767,0.813,1
Actual,201609,2016,9,TSB,New Business,11657505,0.810,1
Actual,201610,2016,10,TSB,New Business,12517328,0.807,1
Actual,201611,2016,11,TSB,New Business,12627264,0.810,1
Actual,201612,2016,12,TSB,New Business,12637358,0.816,1
Actual,201701,2017,1,TSB,New Business,12757786,0.537,1
Actual,201702,2017,2,TSB,New Business,12824063,0.533,1
Actual,201703,2017,3,TSB,New Business,12846062,0.538,1
Actual,201704,2017,4,TSB,New Business,12968826,0.540,1
Actual,201705,2017,5,TSB,New Business,13091668,0.538,1
Actual,201706,2017,6,TSB,New Business,13157075,0.539,1
Actual,201707,2017,7,TSB,New Business,13232079,0.542,1
Actual,201708,2017,8,TSB,New Business,13260711,0.537,1
Actual,201709,2017,9,TSB,New Business,13381730,0.542,1
Actual,201710,2017,10,TSB,New Business,13447207,0.545,1
Actual,201711,2017,11,TSB,New Business,13483071,0.550,1
Actual,201712,2017,12,TSB,New Business,13598929,0.550,1
Actual,201801,2018,1,TSB,New Business,13638492,0.547,1
Actual,201802,2018,2,TSB,New Business,13689279,0.544,1
Actual,201803,2018,3,TSB,New Business,13772918,0.543,1
Actual,201804,2018,4,TSB,New Business,13779551,0.539,1
Actual,201805,2018,5,TSB,New Business,4816350,0.608,1
Actual,201806,2018,6,TSB,New Business,4866475,0.608,1
Actual,201807,2018,7,TSB,New Business,4901519,0.610,1
Actual,201808,2018,8,TSB,New Business,4936721,0.607,1
Actual,201809,2018,9,TSB,New Business,4945161,0.604,1
Actual,201810,2018,10,TSB,New Business,4952115,0.605,1
Actual,201811,2018,11,TSB,New Business,4964578,0.606,1
Actual,201812,2018,12,TSB,New Business,5001969,0.600,1
Actual,201601,2016,1,TSB,Renewal,5039418,0.601,1
Actual,201602,2016,2,TSB,Renewal,5062881,0.599,1
Actual,201603,2016,3,TSB,Renewal,5082089,0.602,1
Actual,201604,2016,4,TSB,Renewal,5105644,0.602,1
Actual,201605,2016,5,TSB,Renewal,5120928,0.597,1
Actual,201606,2016,6,TSB,Renewal,5148543,0.595,1
Actual,201607,2016,7,TSB,Renewal,5156702,0.592,1
Actual,201608,2016,8,TSB,Renewal,5202617,0.591,1
Actual,201609,2016,9,TSB,Renewal,3733896,0.529,1
Actual,201610,2016,10,TSB,Renewal,3746842,0.528,1
Actual,201611,2016,11,TSB,Renewal,3752384,0.533,1
Actual,201612,2016,12,TSB,Renewal,3754211,0.528,1
Actual,201701,2017,1,TSB,Renewal,3777614,0.525,1
Actual,201702,2017,2,TSB,Renewal,3790579,0.526,1
Actual,201703,2017,3,TSB,Renewal,3795372,0.528,1
Actual,201704,2017,4,TSB,Renewal,3800285,0.525,1
Actual,201705,2017,5,TSB,Renewal,3822381,0.524,1
Actual,201706,2017,6,TSB,Renewal,3845897,0.524,1
Actual,201707,2017,7,TSB,Renewal,3846741,0.520,1
Actual,201708,2017,8,TSB,Renewal,3858742,0.518,1
Actual,201709,2017,9,TSB,Renewal,3879971,0.514,1
Actual,201710,2017,10,TSB,Renewal,3910283,0.511,1
Actual,201711,2017,11,TSB,Renewal,3914477,0.512,1
Actual,201712,2017,12,TSB,Renewal,3937542,0.516,1
Actual,201801,2018,1,TSB,Renewal,3965032,0.620,1
Actual,201802,2018,2,TSB,Renewal,4040172,0.617,1
Actual,201803,2018,3,TSB,Renewal,4132452,0.619,1
Actual,201804,2018,4,TSB,Renewal,4207035,0.619,1
Actual,201805,2018,5,TSB,Renewal,4216126,0.622,1
Actual,201806,2018,6,TSB,Renewal,4251184,0.621,1
Actual,201807,2018,7,TSB,Renewal,4268881,0.616,1
Actual,201808,2018,8,TSB,Renewal,4290402,0.615,1
Actual,201809,2018,9,TSB,Renewal,4304243,0.611,1
Actual,201810,2018,10,TSB,Renewal,4307370,0.615,1
Actual,201811,2018,11,TSB,Renewal,4348001,0.617,1
Actual,201812,2018,12,TSB,Renewal,4387983,0.623,1
Plan,201806,2018,6,TSB,New Business,4398288,0.625,1
Plan,201807,2018,7,TSB,New Business,4415492,0.622,1
Plan,201808,2018,8,TSB,New Business,4446977,0.621,1
Plan,201809,2018,9,TSB,New Business,4459232,0.623,1
Plan,201810,2018,10,TSB,New Business,19958545,0.373,1
Plan,201811,2018,11,TSB,New Business,20423579,0.372,1
Plan,201812,2018,12,TSB,New Business,20700726,0.371,1
Plan,201901,2019,1,TSB,New Business,21101796,0.367,1
Plan,201902,2019,2,TSB,New Business,21309931,0.364,1
Plan,201903,2019,3,TSB,New Business,21313632,0.362,1
Plan,201904,2019,4,TSB,New Business,21449669,0.361,1
Plan,201905,2019,5,TSB,New Business,21649990,0.363,1
Plan,201906,2019,6,TSB,New Business,21682675,0.362,1
Plan,201907,2019,7,TSB,New Business,21696859,0.359,1
Plan,201908,2019,8,TSB,New Business,21736271,0.359,1
Plan,201909,2019,9,TSB,New Business,21771131,0.359,1
Plan,201910,2019,10,TSB,New Business,21959903,0.361,1
Plan,201911,2019,11,TSB,New Business,21993602,0.362,1
Plan,201912,2019,12,TSB,New Business,21998662,0.365,1
Plan,201806,2018,6,TSB,Renewal,22000309,0.362,1
Plan,201807,2018,7,TSB,Renewal,5778353,0.724,1
Plan,201808,2018,8,TSB,Renewal,5756413,0.724,1
Plan,201809,2018,9,TSB,Renewal,5686896,0.724,1
Plan,201810,2018,10,TSB,Renewal,5640061,0.730,1
Plan,201811,2018,11,TSB,Renewal,5652743,0.735,1
Plan,201812,2018,12,TSB,Renewal,5676676,0.735,1
Plan,201901,2019,1,TSB,Renewal,5731018,0.742,1
Plan,201902,2019,2,TSB,Renewal,5760775,0.743,1
Plan,201903,2019,3,TSB,Renewal,5770488,0.744,1
Plan,201904,2019,4,TSB,Renewal,5784433,0.740,1
Plan,201905,2019,5,TSB,Renewal,5839390,0.747,1
Plan,201906,2019,6,TSB,Renewal,5843552,0.742,1
Plan,201907,2019,7,TSB,Renewal,5890619,0.741,1
Plan,201908,2019,8,TSB,Renewal,5931556,0.741,1
Plan,201909,2019,9,TSB,Renewal,5947954,0.746,1
Plan,201910,2019,10,TSB,Renewal,5950623,0.751,1
Plan,201911,2019,11,TSB,Renewal,514912,0.354,1
Plan,201912,2019,12,TSB,Renewal,505359,0.356,1
Plan V2,201809,2018,9,TSB,New Business,503138,0.354,1
Plan V2,201810,2018,10,TSB,New Business,496666,0.351,1
Plan V2,201811,2018,11,TSB,New Business,497202,0.348,1
Plan V2,201812,2018,12,TSB,New Business,500897,0.344,1
Plan V2,201901,2019,1,TSB,New Business,504671,0.346,1
Plan V2,201902,2019,2,TSB,New Business,509158,0.348,1
Plan V2,201903,2019,3,TSB,New Business,510175,0.347,1
Plan V2,201904,2019,4,TSB,New Business,513434,0.346,1
Plan V2,201905,2019,5,TSB,New Business,514631,0.342,1
Plan V2,201906,2019,6,TSB,New Business,515673,0.341,1
Plan V2,201907,2019,7,TSB,New Business,516579,0.342,1
Plan V2,201908,2019,8,TSB,New Business,519836,0.340,1
Plan V2,201909,2019,9,TSB,New Business,522775,0.341,1
Plan V2,201910,2019,10,TSB,New Business,525823,0.339,1
Plan V2,201911,2019,11,TSB,New Business,8416418,0.437,1
Plan V2,201912,2019,12,TSB,New Business,8440982,0.437,1
Plan V2,201809,2018,9,TSB,Renewal,8495359,0.436,1
Plan V2,201810,2018,10,TSB,Renewal,8560290,0.432,1
Plan V2,201811,2018,11,TSB,Renewal,8618880,0.429,1
Plan V2,201812,2018,12,TSB,Renewal,8684124,0.428,1
Plan V2,201901,2019,1,TSB,Renewal,8698944,0.427,1
Plan V2,201902,2019,2,TSB,Renewal,8723674,0.429,1
Plan V2,201903,2019,3,TSB,Renewal,8805082,0.428,1
Plan V2,201904,2019,4,TSB,Renewal,8819033,0.428,1
Plan V2,201905,2019,5,TSB,Renewal,8862193,0.431,1
Plan V2,201906,2019,6,TSB,Renewal,8916710,0.435,1
Plan V2,201907,2019,7,TSB,Renewal,8936412,0.435,1
Plan V2,201908,2019,8,TSB,Renewal,8987139,0.432,1
Plan V2,201909,2019,9,TSB,Renewal,9054850,0.428,1
Plan V2,201910,2019,10,TSB,Renewal,9112083,0.427,1
Plan V2,201911,2019,11,TSB,Renewal,10107100,0.531,1
Plan V2,201912,2019,12,TSB,Renewal,10198090,0.527,1
Actual,201601,2016,1,UKDI,New Business,10287841,0.523,1
Actual,201602,2016,2,UKDI,New Business,10256554,0.523,1
Actual,201603,2016,3,UKDI,New Business,10295845,0.525,1
Actual,201604,2016,4,UKDI,New Business,10322775,0.523,1
Actual,201605,2016,5,UKDI,New Business,10337220,0.527,1
Actual,201606,2016,6,UKDI,New Business,10413541,0.533,1
Actual,201607,2016,7,UKDI,New Business,10485853,0.538,1
Actual,201608,2016,8,UKDI,New Business,10545146,0.537,1
Actual,201609,2016,9,UKDI,New Business,10574815,0.536,1
Actual,201610,2016,10,UKDI,New Business,10584232,0.539,1
Actual,201611,2016,11,UKDI,New Business,10675048,0.543,1
Actual,201612,2016,12,UKDI,New Business,10685413,0.539,1
Actual,201701,2017,1,UKDI,New Business,10752295,0.534,1
Actual,201702,2017,2,UKDI,New Business,10778117,0.530,1
Actual,201703,2017,3,UKDI,New Business,2840527,0.347,1
Actual,201704,2017,4,UKDI,New Business,2874024,0.350,1
Actual,201705,2017,5,UKDI,New Business,2900629,0.347,1
Actual,201706,2017,6,UKDI,New Business,2905223,0.346,1
Actual,201707,2017,7,UKDI,New Business,2923766,0.347,1
Actual,201708,2017,8,UKDI,New Business,2927591,0.348,1
Actual,201709,2017,9,UKDI,New Business,2954897,0.351,1
Actual,201710,2017,10,UKDI,New Business,2965467,0.349,1
Actual,201711,2017,11,UKDI,New Business,2988686,0.350,1
Actual,201712,2017,12,UKDI,New Business,2993270,0.350,1
Actual,201801,2018,1,UKDI,New Business,2999630,0.349,1
Actual,201802,2018,2,UKDI,New Business,3014065,0.351,1
Actual,201803,2018,3,UKDI,New Business,3030458,0.349,1
Actual,201804,2018,4,UKDI,New Business,3055792,0.348,1
Actual,201805,2018,5,UKDI,New Business,3081821,0.349,1
Actual,201806,2018,6,UKDI,New Business,3083573,0.352,1
Actual,201807,2018,7,UKDI,New Business,3447678,0.513,1
Actual,201808,2018,8,UKDI,New Business,3449541,0.508,1
Actual,201809,2018,9,UKDI,New Business,3460012,0.509,1
Actual,201810,2018,10,UKDI,New Business,3491503,0.508,1
Actual,201811,2018,11,UKDI,New Business,3504198,0.512,1
Actual,201812,2018,12,UKDI,New Business,3526220,0.516,1
Actual,201601,2016,1,UKDI,Renewal,3528037,0.518,1
Actual,201602,2016,2,UKDI,Renewal,3540720,0.520,1
Actual,201603,2016,3,UKDI,Renewal,3547776,0.521,1
Actual,201604,2016,4,UKDI,Renewal,3551898,0.523,1
Actual,201605,2016,5,UKDI,Renewal,3554187,0.526,1
Actual,201606,2016,6,UKDI,Renewal,3564312,0.531,1
Actual,201607,2016,7,UKDI,Renewal,3568507,0.530,1
Actual,201608,2016,8,UKDI,Renewal,3595388,0.526,1
Actual,201609,2016,9,UKDI,Renewal,3610911,0.529,1
Actual,201610,2016,10,UKDI,Renewal,3646115,0.533,1
Actual,201611,2016,11,UKDI,Renewal,7484966,0.476,1
Actual,201612,2016,12,UKDI,Renewal,7531912,0.473,1
Actual,201701,2017,1,UKDI,Renewal,7532990,0.471,1
Actual,201702,2017,2,UKDI,Renewal,7560176,0.475,1
Actual,201703,2017,3,UKDI,Renewal,7632367,0.475,1
Actual,201704,2017,4,UKDI,Renewal,7682475,0.473,1
Actual,201705,2017,5,UKDI,Renewal,7734088,0.469,1
Actual,201706,2017,6,UKDI,Renewal,7744746,0.471,1
Actual,201707,2017,7,UKDI,Renewal,7795290,0.468,1
Actual,201708,2017,8,UKDI,Renewal,7834667,0.468,1
Actual,201709,2017,9,UKDI,Renewal,7842007,0.467,1
Actual,201710,2017,10,UKDI,Renewal,7874193,0.465,1
Actual,201711,2017,11,UKDI,Renewal,7903097,0.468,1
Actual,201712,2017,12,UKDI,Renewal,7903185,0.470,1
Actual,201801,2018,1,UKDI,Renewal,7927439,0.466,1
Actual,201802,2018,2,UKDI,Renewal,8002245,0.462,1
Actual,201803,2018,3,UKDI,Renewal,8795885,0.466,1
Actual,201804,2018,4,UKDI,Renewal,8838311,0.463,1
Actual,201805,2018,5,UKDI,Renewal,8936941,0.466,1
Actual,201806,2018,6,UKDI,Renewal,8979355,0.463,1
Actual,201807,2018,7,UKDI,Renewal,8985543,0.459,1
Actual,201808,2018,8,UKDI,Renewal,9054907,0.459,1
Actual,201809,2018,9,UKDI,Renewal,9114512,0.461,1
Actual,201810,2018,10,UKDI,Renewal,9169285,0.460,1
Actual,201811,2018,11,UKDI,Renewal,9217392,0.461,1
Actual,201812,2018,12,UKDI,Renewal,9278793,0.462,1
Plan,201806,2018,6,UKDI,New Business,9288151,0.460,1
Plan,201807,2018,7,UKDI,New Business,9360042,0.461,1
Plan,201808,2018,8,UKDI,New Business,9409371,0.460,1
Plan,201809,2018,9,UKDI,New Business,9493504,0.460,1
Plan,201810,2018,10,UKDI,New Business,9513117,0.461,1
Plan,201811,2018,11,UKDI,New Business,9572777,0.458,1
Plan,201812,2018,12,UKDI,New Business,454939,0.597,1
Plan,201901,2019,1,UKDI,New Business,457033,0.598,1
Plan,201902,2019,2,UKDI,New Business,459121,0.600,1
Plan,201903,2019,3,UKDI,New Business,467074,0.604,1
Plan,201904,2019,4,UKDI,New Business,467262,0.607,1
Plan,201905,2019,5,UKDI,New Business,469483,0.608,1
Plan,201906,2019,6,UKDI,New Business,469721,0.608,1
Plan,201907,2019,7,UKDI,New Business,474122,0.606,1
Plan,201908,2019,8,UKDI,New Business,475303,0.605,1
Plan,201909,2019,9,UKDI,New Business,477368,0.601,1
Plan,201910,2019,10,UKDI,New Business,478521,0.604,1
Plan,201911,2019,11,UKDI,New Business,481163,0.607,1
Plan,201912,2019,12,UKDI,New Business,483356,0.604,1
Plan,201806,2018,6,UKDI,Renewal,485032,0.608,1
Plan,201807,2018,7,UKDI,Renewal,488289,0.611,1
Plan,201808,2018,8,UKDI,Renewal,490921,0.613,1
Plan,201809,2018,9,UKDI,Renewal,558140,0.663,1
Plan,201810,2018,10,UKDI,Renewal,557847,0.657,1
Plan,201811,2018,11,UKDI,Renewal,559477,0.652,1
Plan,201812,2018,12,UKDI,Renewal,564444,0.647,1
Plan,201901,2019,1,UKDI,Renewal,566172,0.651,1
Plan,201902,2019,2,UKDI,Renewal,570455,0.647,1
Plan,201903,2019,3,UKDI,Renewal,575834,0.651,1
Plan,201904,2019,4,UKDI,Renewal,578830,0.646,1
Plan,201905,2019,5,UKDI,Renewal,583284,0.650,1
Plan,201906,2019,6,UKDI,Renewal,586316,0.648,1
Plan,201907,2019,7,UKDI,Renewal,590258,0.647,1
Plan,201908,2019,8,UKDI,Renewal,594355,0.643,1
Plan,201909,2019,9,UKDI,Renewal,599911,0.639,1
Plan,201910,2019,10,UKDI,Renewal,604635,0.634,1
Plan,201911,2019,11,UKDI,Renewal,609021,0.639,1
Plan,201912,2019,12,UKDI,Renewal,610828,0.635,1
Plan V2,201809,2018,9,UKDI,New Business,10850519,0.476,1
Plan V2,201810,2018,10,UKDI,New Business,10879743,0.475,1
Plan V2,201811,2018,11,UKDI,New Business,11049200,0.478,1
Plan V2,201812,2018,12,UKDI,New Business,11047601,0.481,1
Plan V2,201901,2019,1,UKDI,New Business,11119183,0.479,1
Plan V2,201902,2019,2,UKDI,New Business,11152003,0.475,1
Plan V2,201903,2019,3,UKDI,New Business,11159850,0.472,1
Plan V2,201904,2019,4,UKDI,New Business,11250602,0.474,1
Plan V2,201905,2019,5,UKDI,New Business,11329001,0.479,1
Plan V2,201906,2019,6,UKDI,New Business,11371701,0.475,1
Plan V2,201907,2019,7,UKDI,New Business,11435410,0.478,1
Plan V2,201908,2019,8,UKDI,New Business,11443856,0.480,1
Plan V2,201909,2019,9,UKDI,New Business,11522878,0.484,1
Plan V2,201910,2019,10,UKDI,New Business,11601369,0.488,1
Plan V2,201911,2019,11,UKDI,New Business,11686134,0.489,1
Plan V2,201912,2019,12,UKDI,New Business,11785482,0.484,1
Plan V2,201809,2018,9,UKDI,Renewal,12692539,0.507,1
Plan V2,201810,2018,10,UKDI,Renewal,12797976,0.506,1
Plan V2,201811,2018,11,UKDI,Renewal,12949716,0.503,1
Plan V2,201812,2018,12,UKDI,Renewal,13074446,0.503,1
Plan V2,201901,2019,1,UKDI,Renewal,13168393,0.505,1
Plan V2,201902,2019,2,UKDI,Renewal,13268115,0.502,1
Plan V2,201903,2019,3,UKDI,Renewal,13279357,0.507,1
Plan V2,201904,2019,4,UKDI,Renewal,13405596,0.512,1
Plan V2,201905,2019,5,UKDI,Renewal,13504142,0.511,1
Plan V2,201906,2019,6,UKDI,Renewal,13605343,0.510,1
Plan V2,201907,2019,7,UKDI,Renewal,13619328,0.511,1
Plan V2,201908,2019,8,UKDI,Renewal,13703772,0.509,1
Plan V2,201909,2019,9,UKDI,Renewal,13769760,0.508,1
Plan V2,201910,2019,10,UKDI,Renewal,13778824,0.503,1
Plan V2,201911,2019,11,UKDI,Renewal,13846861,0.505,1
Plan V2,201912,2019,12,UKDI,Renewal,13949292,0.501,1
Actual,201601,2016,1,Total,New Business,14031625,0.497,1
Actual,201602,2016,2,Total,New Business,14144025,0.496,1
Actual,201603,2016,3,Total,New Business,14257342,0.501,1
Actual,201604,2016,4,Total,New Business,14262463,0.503,1
Actual,201605,2016,5,Total,New Business,14374070,0.506,1
Actual,201606,2016,6,Total,New Business,14510762,0.505,1
Actual,201607,2016,7,Total,New Business,14609208,0.508,1
Actual,201608,2016,8,Total,New Business,14667291,0.506,1
Actual,201609,2016,9,Total,New Business,14750333,0.505,1
Actual,201610,2016,10,Total,New Business,14794070,0.503,1
Actual,201611,2016,11,Total,New Business,14808615,0.503,1
Actual,201612,2016,12,Total,New Business,14916713,0.507,1
Actual,201701,2017,1,Total,New Business,14944748,0.511,1
Actual,201702,2017,2,Total,New Business,15016060,0.514,1
Actual,201703,2017,3,Total,New Business,15163691,0.517,1
Actual,201704,2017,4,Total,New Business,15301380,0.520,1
Actual,201705,2017,5,Total,New Business,15398870,0.517,1
Actual,201706,2017,6,Total,New Business,15498293,0.516,1
Actual,201707,2017,7,Total,New Business,15600792,0.516,1
Actual,201708,2017,8,Total,New Business,15712018,0.516,1
Actual,201709,2017,9,Total,New Business,15816349,0.512,1
Actual,201710,2017,10,Total,New Business,15882421,0.517,1
Actual,201711,2017,11,Total,New Business,15908716,0.521,1
Actual,201712,2017,12,Total,New Business,15994565,0.521,1
Actual,201801,2018,1,Total,New Business,16045871,0.526,1
Actual,201802,2018,2,Total,New Business,16103318,0.528,1
Actual,201803,2018,3,Total,New Business,16181375,0.531,1
Actual,201804,2018,4,Total,New Business,16262166,0.526,1
Actual,201805,2018,5,Total,New Business,16409892,0.526,1
Actual,201806,2018,6,Total,New Business,16559353,0.526,1
Actual,201807,2018,7,Total,New Business,16672980,0.521,1
Actual,201808,2018,8,Total,New Business,16695166,0.524,1
Actual,201809,2018,9,Total,New Business,16764251,0.528,1
Actual,201810,2018,10,Total,New Business,16791676,0.528,1
Actual,201811,2018,11,Total,New Business,16817278,0.530,1
Actual,201812,2018,12,Total,New Business,16982789,0.530,1
Actual,201601,2016,1,Total,Renewal,40448844,4.915,8
Actual,201602,2016,2,Total,Renewal,40776647,4.911,8
Actual,201603,2016,3,Total,Renewal,41172739,4.897,8
Actual,201604,2016,4,Total,Renewal,41462329,4.900,8
Actual,201605,2016,5,Total,Renewal,41773936,4.893,8
Actual,201606,2016,6,Total,Renewal,42072149,4.900,8
Actual,201607,2016,7,Total,Renewal,42376933,4.908,8
Actual,201608,2016,8,Total,Renewal,42744373,4.888,8
Actual,201609,2016,9,Total,Renewal,43138322,4.893,8
Actual,201610,2016,10,Total,Renewal,43557336,4.891,8
Actual,201611,2016,11,Total,Renewal,44012342,4.892,8
Actual,201612,2016,12,Total,Renewal,44378911,4.879,8
Actual,201701,2017,1,Total,Renewal,44759199,4.882,8
Actual,201702,2017,2,Total,Renewal,45081917,4.888,8
Actual,201703,2017,3,Total,Renewal,45497212,4.889,8
Actual,201704,2017,4,Total,Renewal,45940036,4.878,8
Actual,201705,2017,5,Total,Renewal,46357459,4.879,8
Actual,201706,2017,6,Total,Renewal,46793969,4.888,8
Actual,201707,2017,7,Total,Renewal,47231999,4.874,8
Actual,201708,2017,8,Total,Renewal,47628191,4.868,8
Actual,201709,2017,9,Total,Renewal,48076171,4.874,8
Actual,201710,2017,10,Total,Renewal,48603510,4.857,8
Actual,201711,2017,11,Total,Renewal,49118460,4.840,8
Actual,201712,2017,12,Total,Renewal,49599624,4.831,8
Actual,201801,2018,1,Total,Renewal,50089791,4.824,8
Actual,201802,2018,2,Total,Renewal,50542468,4.827,8
Actual,201803,2018,3,Total,Renewal,51020752,4.818,8
Actual,201804,2018,4,Total,Renewal,51604113,4.814,8
Actual,201805,2018,5,Total,Renewal,52154453,4.793,8
Actual,201806,2018,6,Total,Renewal,52528682,4.786,8
Actual,201807,2018,7,Total,Renewal,53025555,4.774,8
Actual,201808,2018,8,Total,Renewal,53565698,4.764,8
Actual,201809,2018,9,Total,Renewal,54144387,4.146,8
Actual,201810,2018,10,Total,Renewal,54730036,4.145,8
Actual,201811,2018,11,Total,Renewal,55357796,4.127,8
Actual,201812,2018,12,Total,Renewal,55945765,4.120,8
Plan,201806,2018,6,Total,New Business,39172432,4.374,8
Plan,201807,2018,7,Total,New Business,43629386,4.368,8
Plan,201808,2018,8,Total,New Business,43774815,4.366,8
Plan,201809,2018,9,Total,New Business,43748771,4.630,8
Plan,201810,2018,10,Total,New Business,44377948,4.623,8
Plan,201811,2018,11,Total,New Business,44399132,4.630,8
Plan,201812,2018,12,Total,New Business,44805961,4.611,8
Plan,201901,2019,1,Total,New Business,44913728,4.627,8
Plan,201902,2019,2,Total,New Business,44867804,4.629,8
Plan,201903,2019,3,Total,New Business,44870748,4.643,8
Plan,201904,2019,4,Total,New Business,44926534,4.646,8
Plan,201905,2019,5,Total,New Business,45275569,4.642,8
Plan,201906,2019,6,Total,New Business,45341707,4.652,8
Plan,201907,2019,7,Total,New Business,45575309,4.650,8
Plan,201908,2019,8,Total,New Business,45721051,4.653,8
Plan,201909,2019,9,Total,New Business,46036784,4.643,8
Plan,201910,2019,10,Total,New Business,46140481,4.640,8
Plan,201911,2019,11,Total,New Business,46379503,4.650,8
Plan,201912,2019,12,Total,New Business,46584971,4.645,8
Plan,201806,2018,6,Total,Renewal,58136655,4.640,8
Plan,201807,2018,7,Total,Renewal,58903622,4.652,8
Plan,201808,2018,8,Total,Renewal,59317770,4.670,8
Plan,201809,2018,9,Total,Renewal,60026761,4.456,8
Plan,201810,2018,10,Total,Renewal,60797979,4.448,8
Plan,201811,2018,11,Total,Renewal,61320094,4.471,8
Plan,201812,2018,12,Total,Renewal,61947796,4.485,8
Plan,201901,2019,1,Total,Renewal,63140551,4.500,8
Plan,201902,2019,2,Total,Renewal,63845851,4.517,8
Plan,201903,2019,3,Total,Renewal,63083917,4.511,8
Plan,201904,2019,4,Total,Renewal,63818434,4.500,8
Plan,201905,2019,5,Total,Renewal,63986283,4.485,8
Plan,201906,2019,6,Total,Renewal,64483531,4.480,8
Plan,201907,2019,7,Total,Renewal,64280853,4.489,8
Plan,201908,2019,8,Total,Renewal,64899030,4.469,8
Plan,201909,2019,9,Total,Renewal,65582104,4.465,8
Plan,201910,2019,10,Total,Renewal,66708139,4.465,8
Plan,201911,2019,11,Total,Renewal,66652250,4.457,8
Plan,201912,2019,12,Total,Renewal,65831990,4.456,8
Plan V2,201809,2018,9,Total,New Business,44607102,4.285,8
Plan V2,201810,2018,10,Total,New Business,44846755,4.281,8
Plan V2,201811,2018,11,Total,New Business,45158166,4.284,8
Plan V2,201812,2018,12,Total,New Business,45324181,4.292,8
Plan V2,201901,2019,1,Total,New Business,45575488,4.298,8
Plan V2,201902,2019,2,Total,New Business,45795652,4.294,8
Plan V2,201903,2019,3,Total,New Business,45981978,4.291,8
Plan V2,201904,2019,4,Total,New Business,46211756,4.286,8
Plan V2,201905,2019,5,Total,New Business,46507511,4.286,8
Plan V2,201906,2019,6,Total,New Business,46650724,4.276,8
Plan V2,201907,2019,7,Total,New Business,46887242,4.295,8
Plan V2,201908,2019,8,Total,New Business,47067165,4.304,8
Plan V2,201909,2019,9,Total,New Business,47286035,4.303,8
Plan V2,201910,2019,10,Total,New Business,47528107,4.304,8
Plan V2,201911,2019,11,Total,New Business,47790167,4.301,8
Plan V2,201912,2019,12,Total,New Business,48086776,4.303,8
Plan V2,201809,2018,9,Total,Renewal,59808696,3.936,8
Plan V2,201810,2018,10,Total,Renewal,60517546,3.917,8
Plan V2,201811,2018,11,Total,Renewal,61150236,3.911,8
Plan V2,201812,2018,12,Total,Renewal,61718975,3.890,8
Plan V2,201901,2019,1,Total,Renewal,62104897,3.889,8
Plan V2,201902,2019,2,Total,Renewal,62347581,3.880,8
Plan V2,201903,2019,3,Total,Renewal,62584672,3.899,8
Plan V2,201904,2019,4,Total,Renewal,63067405,3.906,8
Plan V2,201905,2019,5,Total,Renewal,63353677,3.913,8
Plan V2,201906,2019,6,Total,Renewal,63623685,3.910,8
Plan V2,201907,2019,7,Total,Renewal,63724382,3.902,8
Plan V2,201908,2019,8,Total,Renewal,63952258,3.900,8
Plan V2,201909,2019,9,Total,Renewal,64379050,3.895,8
Plan V2,201910,2019,10,Total,Renewal,64581485,3.875,8
Plan V2,201911,2019,11,Total,Renewal,64768120,3.885,8
Plan V2,201912,2019,12,Total,Renewal,65020804,3.873,8
